{
  "version": "v2",
  "method": "weighted_zscore",
  "features": [
    "smoothness_mean",
    "smoothness_std",
    "exposition",
    "interiority",
    "formal_structure",
    "scene_narration",
    "basin_entropy"
  ],
  "z_mean": [
    0.2483715118392359,
    0.2189514396499984,
    0.04005104114737692,
    0.03970696079202845,
    0.0432293837111962,
    0.04148828808831263,
    3.196097408442239
  ],
  "z_std": [
    0.10030691538736386,
    0.05769838805396574,
    0.002177961474458595,
    0.003656833906502979,
    0.0030583377315386118,
    0.0027466195331204988,
    0.634443751566417
  ],
  "weights": [
    -0.5516331027190974,
    -0.15124237275311617,
    -0.4876197411165852,
    -0.15622147295429212,
    -1.0768414296876883,
    -0.3858354323248345,
    -1.7907762113366636
  ],
  "threshold": -0.453,
  "accuracy": 0.9367,
  "n_ai": 39,
  "n_human": 40,
  "single_feature": {
    "feature": "basin_entropy",
    "threshold": 3.3847,
    "direction": "<",
    "accuracy": 0.8608
  },
  "centroid": {
    "ai": [
      0.22136722648373017,
      0.21453780508958376,
      0.03952819720292703,
      0.03941782898245714,
      0.04175917555888494,
      0.0409601958325276,
      2.7674919018837363
    ],
    "human": [
      0.27470069006085396,
      0.22325473334640264,
      0.04056081399321556,
      0.039988864306360485,
      0.04466283665969968,
      0.04200317803770304,
      3.613987777336779
    ],
    "accuracy": 0.8101
  }
}