{
  "version": "breakthrough_v1",
  "method": "weighted_zscore_cv",
  "features": [
    "smoothness_mean",
    "smoothness_std",
    "exposition",
    "interiority",
    "formal_structure",
    "scene_narration",
    "basin_entropy"
  ],
  "z_mean": [
    0.2736338431004589,
    0.2181400208783573,
    0.040092182494479524,
    0.03987919671472008,
    0.04363500979348753,
    0.04147248170696772,
    3.45560640188074
  ],
  "z_std": [
    0.10037120517444527,
    0.04976585681059741,
    0.0021308267592496234,
    0.0035016982290362654,
    0.0030920283570873347,
    0.0026295641387437826,
    0.5702780742949124
  ],
  "weights": [
    -0.8838839450078645,
    -0.17638602296209924,
    -0.46344475150203607,
    -0.1539828975124378,
    -0.9700465445206535,
    -0.16949887116452136,
    -2.0170173674702676
  ],
  "threshold": 0.8029,
  "train_accuracy": 0.9527,
  "cv_accuracy_mean": 0.9273,
  "cv_accuracy_std": 0.0309,
  "cv_auc_mean": 0.9908,
  "cv_auc_std": 0.006,
  "n_ai": 58,
  "n_human": 111,
  "n_total": 169,
  "centroid": {
    "ai": [0.22084, 0.21213, 0.039453, 0.039506, 0.041857, 0.041167, 2.902581],
    "human": [0.30122, 0.22128, 0.040426, 0.040074, 0.044564, 0.041632, 3.744575]
  },
  "feature_importance": {
    "basin_entropy": -2.017,
    "formal_structure": -0.97,
    "smoothness_mean": -0.8839,
    "exposition": -0.4634,
    "smoothness_std": -0.1764,
    "scene_narration": -0.1695,
    "interiority": -0.154
  }
}