{
  "significance_score": 14.190909182924596,
  "fractal_quality": 0.1746992348979418,
  "z_fractal": 21.59672969233963,
  "z_edges": -7.501302265196303,
  "z_density": -6.358273132164404,
  "z_cross_scale": -21.307331641998044,
  "fractal_exponent": 0.3493984697958836,
  "fractal_exponent_std": 0.16494856089233095,
  "n_edges": 621,
  "n_active": 194,
  "n_scales": 256,
  "cross_scale_mean": 0.19340675647718858,
  "cross_scale_above_half": 0.20201674395443653,
  "cwt_time_s": 53.14270997047424,
  "baseline_time_s": 169.29267692565918,
  "time_s": 228.34465289115906,
  "error": null
}